<?xml version="1.0" encoding="UTF-8"?>

<manifesto>
    <meta>
        <identificador>
            web2018::A78587::TP7
        </identificador>
        <titulo>
            Manifesto
        </titulo>
        <subtitulo>
            Relatório referente ao TPC7 da UC de DAW de MIEI 2018 
        </subtitulo>
        <dataInicio>
            31-10-2018
        </dataInicio>
        <dataFim>
            05-11-2018
        </dataFim>
        <supervisor>
            <nome> José Carlos Ramalho </nome>
            <email> jcr@di.uminho.pt </email>
            <website> http://www.di.uminho.pt/~jcr </website>
        </supervisor>
    </meta>
    <equipa>
        <membro>
            <nome>
                Ricardo Jorge Marques Peixoto
            </nome>
            <email>
                a78587@alunos.uminho.pt
            </email>
            <identificador>
                A78587
            </identificador>
            <website>https://github.com/Ricardo1597/Desenvolvimento-de-Aplicacoes-Web</website>
            <foto path="boneco.png"/>
        </membro>
    </equipa>
    <resumo>
        <para>
                Este projeto baseia-se na criação de um servidor em <italico>Java Script</italico> para submeter ficheiros com variados formatos. Os ficheiros 
            submetidos devem ser apresentados em formato tabular na zona inferior da página html, tendo estes um link associado que permite a sua abertura no browser,
            caso este suporte, ou o download do mesmo caso contrário.
        </para>
        <para>
                À semelhança do tpc6, foi desenvolvido o servidor em java script "server-ficheiro-express.js" que abre a porta 4007 de modo a ser possivel aceder ao
            website através de um browser. Para a submissão de ficheiros são pedidos dois campos obrigatórios, o ficheiro e uma pequena descrição do mesmo. Após
            a submissão, é ainda adicionado um terceiro elemento sendo este a data de submissão do ficheiro sem qualquer interferência do utilizador.
                De modo a evitar recarregar a página sempre que se submete um ficheiro, foi desenvolvido um script em <italico>jquery</italico> capaz de atualizar a 
            tabela de ficheiros sem necessidade de recarregar a página. Este script submete os dados ao servidor sem mudar/atualizar a página e usa as informações 
            presentes nos campos de input do formulário para atualizar a tabela.
        </para>
        <para>
                Um dos objetivos principais deste projeto é a criação de ficheiros ".pug", em particular a recolha de input do tipo <italico>file</italico> 
            (ficheiro) através de formulários no browser e respetivo processamento e armazenamento a nível do servidor desses mesmos dados. 
                Outro ponto fundamental neste trabalho é o desenvolvimento de scripts capazes de agilizar todo o trabalho referente ao lado do cliente, desde a
            criação de restrições no input e alteração dos valores do mesmo até à submissão de formulários de forma mais controlada.
        </para>
    </resumo>
    <resultados>
        <resultado url="manifesto.xml">
            manifesto.xml
        </resultado>
    </resultados>
</manifesto>
