
            
            {
            
                 "id": " Santa Helena; Santa Cruz ",
                   "desc": "
			 Povoado fortificado
		",
                   "lugar": " Castro de Santa Cruz, ou de Santa Helena ", 
                   "freguesia": " Turiz ",
                    "conselho": " Vila Verde " ,
                   "acesso": "O acesso a este povoado faz-se a partir de Turiz.",
                   "quadro": ".
O Monte de Santa Cruz, ou de Santa Helena, corresponde a um pequeno cabeço
localizado entre a Ribeira de Febros e a Ribeira de Barge." ,
                   "descarq": "O povoado encontra-se bastante destruído por sucessivas extracções e roubos
de pedra. No entanto, podem ainda observar-se restos de antigos taludes
defensivos a delimitar as plataformas. Na superfície do cabeço aparecem
pedras revolvidas e fragmentos de tijoleira." 
            }
            
            
        