
            
            {
            
                 "id": " Outeiro das Corças ",
                   "desc": " Necrópole megalítica ",
                   "lugar": " Listoso ", 
                   "freguesia": " Passos (S. Vicente) ",
                    "conselho": " Fafe " ,
                   "acesso": "Faz-se a partir da E. N. 207 (Braga - Fafe), toma-se o C.M. 1625 até S.
Vicente de Passos. Depois, até Listoso pelo C.M. 1645-1. ",
                   "quadro": "Os monumentos localizam-se numa chã planáltica, integrada na bacia
hidrográfica do rio Ave." ,
                   "descarq": "Duas  mamoas muito destruídas, certamente
pertecente a uma necrópole megalítica que ocuparia a chã planaltica." 
            }
            
            
        