
            
            {
            
                 "id": " Castro da Sola; Bouça da Oura ",
                   "desc": " Povoado da Pré-História Recente",
                   "lugar": " Pitancinhos ", 
                   "freguesia": " Palmeira ",
                    "conselho": " Braga " ,
                   "acesso": "",
                   "quadro": "Pequena colina residual, na vertente noroeste de Montariol. O povoado tinha
boas condições de visibilidade e de acesso aos terrenos dos vales
circundantes. Nas vertentes sul e sudeste a vegetação é arbórea e arbustiva." ,
                   "descarq": "Este povoado encontra-se praticamente destruído por pedreiras, restando-lhe
apenas parte da vertente sul e sudeste. As escavações realizadas em 1991 e
1992, permitiram colocar a hipótese da existência de três momentos de
ocupação descontínuos. O primeiro, associado a cerâmicas com decoração
penteada e incisa metopada de "tipo Penha", bem como a uma estrutura pétrea
identificada como uma "cerca" ou "muralha", foi atribuído ao Calcolítico. O
segundo, caracterizado por fossas abertas no saibro, buracos de poste,
muretes, eventuais cistas e vasos de "largo bordo horizontal", corresponde à
1ª metade do II milénio A.C.. O terceiro, associa-se à Alta Idade Média. O
monte onde assenta o povoado deveria corresponder ao "Mons Manioco" da
documentação medieval. " 
            }
            
            
        