<?xml version="1.0" encoding="UTF-8"?>

<manifesto>
    <meta>
        <identificador>
            web2018::A78587::TP5
        </identificador>
        <titulo>
            Manifesto
        </titulo>
        <subtitulo>
            Relatório referente ao TPC5 da UC de DAW de MIEI 2018 
        </subtitulo>
        <dataInicio>
            16-09-2018
        </dataInicio>
        <dataFim>
            22-09-2018
        </dataFim>
        <supervisor>
            <nome> José Carlos Ramalho </nome>
            <email> jcr@di.uminho.pt </email>
            <website> http://www.di.uminho.pt/~jcr </website>
        </supervisor>
    </meta>
    <equipa>
        <membro>
            <nome>
                Ricardo Jorge Marques Peixoto
            </nome>
            <email>
                a78587@alunos.uminho.pt
            </email>
            <identificador>
                A78587
            </identificador>
            <website>https://github.com/Ricardo1597/Desenvolvimento-de-Aplicacoes-Web</website>
            <foto path="boneco.png"/>
        </membro>
    </equipa>
    <resumo>
        <para>
            Este projeto baseia-se na criação de um servidor em <italico>Java Script</italico> capaz de navegar por vários ficheiros json através 
            da analise do conteúdo do url do browser. Cada um destes ficheiros representa uma obra musical e é identificado por um id.
        </para>
        <para>
            Como principal objetivo, e à semelhança do tpc4, foi desenvolvido o servidor em java script "server.js" que abre a porta 5000 
            de modo a ser possivel aceder a todos os ficheirosde obras musicais. Em contraste ao server do tpc4, este server visa aceder a 
            ficheiros do tipo json. Para tal recebe a informação presente no conteúdo do url cedido pelo browser e analisa-a de modo a 
            identificar qual o ficheiro que o browser pretende aceder.
        </para>
        <para>
            O ficheiro indice.awk é usado para gerar um indice para os ficheiros json contendo as várias obras musicais, através da análise 
            dos mesmos. Nestes ficheiros são selecionados os campos "_id" e "titulo" que vão ser os elementos usados para gerar o indice. 
            Uma vez guardados todos os pares {id, titulo} é criado o ficheiro "index.json" seguindo as regras da linguagem json.
        </para>
        <para>
            Os ficheiros ".pug" são usados para desenvolver templates CSS, sendo estes interpretados pelo browser de forma a criar uma interface mais agradável. Foi criado um template para o "index.json" e outro para os ficheiros json das obras musicais.
        </para>
    </resumo>
    <resultados>
        <resultado url="manifesto.xml">
            manifesto.xml
        </resultado>
    </resultados>
</manifesto>