
            
            {
            
                 "id": " Lugar de Coto; Póvoa; Lugar do Reduto ",
                   "desc": "
			 Povoado fortificado
		",
                   "lugar": " Lugar de Coto ", 
                   "freguesia": " Dossãos ",
                    "conselho": " Vila Verde " ,
                   "acesso": "O acesso faz-se por caminho de pé posto a partir de Dossãos.",
                   "quadro": "O  castro ocupa um pequeno outeiro situado na
vertente este do monte de Moinho Velho, que constitui um prolongamento para
SE do monte do Borrelho, importante acidente geográfico do concelho de Vila
Verde. O outeiro encontra-se virado a um pequeno vale, onde se localiza a
sede de freguesia." ,
                   "descarq": "O povoado é relativamente pequeno e possui apenas duas plataformas, em cujos
limites é possível notar restos de fortificações. Na superfície do cabeço
recolhem-se fragmentos de cerâmica, sobretudo de tégulas." 
            }
            
            
        