
            
            {
            
                 "id": " Outeirinho ",
                   "desc": "
			 Povoado fortificado
		",
                   "lugar": " Outeirinho ", 
                   "freguesia": " Vila Verde ",
                    "conselho": " Vila Verde " ,
                   "acesso": "O acesso a este povoado faz-se a partir de Vila Verde.",
                   "quadro": ".
O povoado assenta num pequeno cabeço de baixa altitude situado em pleno
vale, perto do curso do rio Homem." ,
                   "descarq": "Pequeno povoado de baixa altitude, apenas com uma plataforma localizada na
parte mais elevada do cabeço. À superfície encontram-se abundantes
fragmentos de cerâmica romana e de  tégulas. O
povoado apresenta características semelhantes ao povoado do Lago, em Amares." 
            }
            
            
        