
            
            {
            
                 "id": " Bouro (Santa Maria) ",
                   "desc": "
			 Povoado fortificado
		",
                   "lugar": " Monte do Outeiro ", 
                   "freguesia": " Bouro (Santa Maria) ",
                    "conselho": " Amares " ,
                   "acesso": "O acesso ao local pode fazer-se por caminho carreteiro, a partir da estrada
nacional Amares-Gerês, em direcção ao lugar
 de Outeiro.",
                   "quadro": "O monte do Outeiro corresponde a um pequeno cabeço, situado perto do rio
Cávado, numa zona razoavelmente plana de um
 terraço fluvial." ,
                   "descarq": "O povoado possui uma única plataforma, no topo do cabeço, que se encontra
circundada por um talude.
 Este parece corresponder a uma estrutura defensiva. Na superfície do solo
recolhem-se fragmentos de tijoleira e são
 visíveis pedras, correspondentes a derrubes de estruturas. No entanto, não
se registam quaisquer alinhamentos coerentes.
 Trata-se, aparentemente, de um povoado de baixa altitude, provavelmente
romanizado, semelhante ao povoado do Lago, em
 Amares. " 
            }
            
            
        