
            
            {
            
                 "id": " Sezelhe ",
                   "desc": " Igreja;  Sarcófago
		",
                   "lugar": " Sezelhe ", 
                   "freguesia": " Sezelhe ",
                    "conselho": " Montalegre " ,
                   "acesso": "Centro da aldeia de Sezelhe. O acesso faz-se pela estrada municipal que liga
a povoação directamente à estrada EN 308, na direcção
Montalegre-Covelães-Pitões. O monumento não está sinalizado.",
                   "quadro": "" ,
                   "descarq": "Incrustado no banco perimetral que remata interiormente o muro que delimita
o adro da igreja paroquial, de arquitectura simples e austera, observa-se um
 sarcófago antropomórfico, em granito,
colocado com a cavidade sepulcral virada para o adro. Trata-se de vestígios
da  necrópole baixo-medieval, testemunhadores
da antiga prática de enterrar os paroquianos no adro envolvente da igreja, à
sombra protectora do edifício sagrado." 
            }
            
            
        