[{"prazo":"01/01/2020","tipo":"Reunião","desc":"Anonymous","dataReg":"29/10/2018","apagado":true,"id":0},{"prazo":"06/04/2030","tipo":"Outro","desc":"2030 ","dataReg":"29/10/2018","apagado":true,"id":1},{"prazo":"06/07/1998","tipo":"Saúde","desc":"ashvbdasjdsalfsa","dataReg":"29/10/2018","apagado":true,"id":2},{"prazo":"23/06/275760","tipo":"Reparação","desc":"5676y82u19iedjwisahvdas","dataReg":"29/10/2018","apagado":true,"id":3},{"prazo":"20/02/3243","tipo":"Reparação","desc":"3243redwdc32e","dataReg":"29/10/2018","apagado":false,"id":4},{"prazo":"26/08/7843","tipo":"Estudo","desc":"27dasudg7w8 uaisb","dataReg":"29/10/2018","apagado":true,"id":5},{"prazo":"26/08/7843","tipo":"Estudo","desc":"27dasudg7w8 uaisb","dataReg":"29/10/2018","apagado":true,"id":6},{"prazo":"26/08/7843","tipo":"Estudo","desc":"27dasudg7w8 uaisb","dataReg":"29/10/2018","apagado":true,"id":7},{"prazo":"26/08/7843","tipo":"Estudo","desc":"27dasudg7w8 uaisb","dataReg":"29/10/2018","apagado":true,"id":8},{"prazo":"07/09/2392","tipo":"Reunião","desc":"23edwuijbda shawn d","dataReg":"29/10/2018","apagado":true,"id":9},{"prazo":"07/09/2392","tipo":"Reunião","desc":"23edwuijbda shawn d","dataReg":"29/10/2018","apagado":true,"id":10},{"prazo":"07/09/2392","tipo":"Reunião","desc":"23edwuijbda shawn d","dataReg":"29/10/2018","apagado":true,"id":11},{"prazo":"09/03/93","tipo":"Reunião","desc":"2eu8hduqwbnsjackas ","dataReg":"29/10/2018","apagado":true,"id":12},{"prazo":"09/03/93","tipo":"Reunião","desc":"2eu8hduqwbnsjackas ","dataReg":"29/10/2018","apagado":true,"id":13},{"prazo":"09/03/93","tipo":"Reunião","desc":"2eu8hduqwbnsjackas ","dataReg":"29/10/2018","apagado":true,"id":14},{"prazo":"05/02/4545","tipo":"Alimentação","desc":"rxdctyughbjbn ","dataReg":"29/10/2018","apagado":true,"id":15},{"prazo":"09/04/4730","tipo":"Reunião","desc":"324uriewhnudn87 23grh843i c43fu ","dataReg":"29/10/2018","apagado":true,"id":16},{"prazo":"09/04/4730","tipo":"Reunião","desc":"324uriewhnudn87 23grh843i c43fu ","dataReg":"29/10/2018","apagado":true,"id":17},{"prazo":"09/04/4730","tipo":"Reunião","desc":"324uriewhnudn87 23grh843i c43fu ","dataReg":"29/10/2018","apagado":true,"id":18},{"prazo":"09/04/4730","tipo":"Reunião","desc":"324uriewhnudn87 23grh843i c43fu ","dataReg":"29/10/2018","apagado":true,"id":19},{"prazo":"09/04/4730","tipo":"Reunião","desc":"324uriewhnudn87 23grh843i c43fu ","dataReg":"29/10/2018","apagado":true,"id":20},{"prazo":"09/04/4730","tipo":"Reunião","desc":"324uriewhnudn87 23grh843i c43fu ","dataReg":"29/10/2018","apagado":true,"id":21},{"prazo":"09/04/4730","tipo":"Reunião","desc":"324uriewhnudn87 23grh843i c43fu ","dataReg":"29/10/2018","apagado":false,"id":22},{"prazo":"09/04/4730","tipo":"Reunião","desc":"324uriewhnudn87 23grh843i c43fu ","dataReg":"29/10/2018","apagado":true,"id":23},{"prazo":"27/08/3129","tipo":"Estudo","desc":"23e8y283bucdn3 2","dataReg":"29/10/2018","apagado":true,"id":24},{"prazo":"27/08/3129","tipo":"Estudo","desc":"23e8y283bucdn3 2","dataReg":"29/10/2018","apagado":false,"id":25},{"prazo":"31/07/223812","tipo":"Alimentação","desc":"32h2uid n hj2n j ndjw ","dataReg":"29/10/2018","apagado":false,"id":26},{"prazo":"12/09/275760","tipo":"Pagamento","desc":"321ebn2ih jdqd  ","dataReg":"29/10/2018","apagado":false,"id":27},{"prazo":"12/09/275760","tipo":"Pagamento","desc":"321ebn2ih jdqd  ","dataReg":"29/10/2018","apagado":false,"id":28},{"prazo":"12/09/275760","tipo":"Pagamento","desc":"321ebn2ih jdqd  ","dataReg":"29/10/2018","apagado":false,"id":29},{"prazo":"12/09/275760","tipo":"Pagamento","desc":"321ebn2ih jdqd  ","dataReg":"29/10/2018","apagado":true,"id":30},{"prazo":"12/09/275760","tipo":"Pagamento","desc":"321ebn2ih jdqd  ","dataReg":"29/10/2018","apagado":false,"id":31},{"prazo":"12/09/275760","tipo":"Pagamento","desc":"321ebn2ih jdqd  ","dataReg":"29/10/2018","apagado":false,"id":32},{"prazo":"12/09/275760","tipo":"Pagamento","desc":"321ebn2ih jdqd  ","dataReg":"29/10/2018","apagado":false,"id":33},{"prazo":"02/08/2019","tipo":"Pagamento","desc":"ABC\r\nMUDEI DE LINHA\r\nOUTRA VEZ","dataReg":"29/10/2018","apagado":false,"id":34},{"prazo":"02/08/2020","tipo":"Reunião","desc":"1\r\n2\r\n3\r\n4\r\ndsads as\r\n das dasd s fd a S\r\nAS DASAD dssa","dataReg":"29/10/2018","apagado":false,"id":35},{"prazo":"02/08/2020","tipo":"Reunião","desc":"1 \\n\r\n2 \\r\r\n3 \\n\\r\r\n4\r\ndsads as\r\n das dasd s fd a S\r\nAS DASAD dssa","dataReg":"29/10/2018","apagado":false,"id":36}]
