<?xml version="1.0" encoding="UTF-8"?>

<manifesto>
    <meta>
        <identificador>
            web2018::A78587::TP6
        </identificador>
        <titulo>
            Manifesto
        </titulo>
        <subtitulo>
            Relatório referente ao TPC6 da UC de DAW de MIEI 2018 
        </subtitulo>
        <dataInicio>
            23-09-2018
        </dataInicio>
        <dataFim>
            29-09-2018
        </dataFim>
        <supervisor>
            <nome> José Carlos Ramalho </nome>
            <email> jcr@di.uminho.pt </email>
            <website> http://www.di.uminho.pt/~jcr </website>
        </supervisor>
    </meta>
    <equipa>
        <membro>
            <nome>
                Ricardo Jorge Marques Peixoto
            </nome>
            <email>
                a78587@alunos.uminho.pt
            </email>
            <identificador>
                A78587
            </identificador>
            <website>https://github.com/Ricardo1597/Desenvolvimento-de-Aplicacoes-Web</website>
            <foto path="boneco.png"/>
        </membro>
    </equipa>
    <resumo>
        <para>
            Este projeto baseia-se na criação de um servidor em <italico>Java Script</italico> para gerenciar uma lista de tarefas. Este servidor deve permitir adicionar e remover tarefas e consultar uma lista de todas as tarefas que necessitam de ser concluidas.
        </para>
        <para>
            À semelhança do tpc4, foi desenvolvido o servidor em java script "server.js" que abre a porta 5000 de modo a ser possivel aceder ao
website através de um browser. Neste website será possivel criar uma lista de tarefas, podendo alterar esta lista a qualquer momento através da adição ou remoção de tarefas. Cada tarefa possui uma data de emissão, uma data de conclusão que pode ser interpretada como a data limite para a realização da tarefa, um tipo que categoriza a tarefa e uma descrição da tarefa em si. 
        </para>
        <para>
	    Um dos objetivos principais deste projeto é o desenvolvimento de ficheiros ".pug", em particular a recolha de texto através de formulários no browser (input) e respetivo processamento a nível do servidor desses mesmos dados. 
	    Outro ponto fundamental neste trabalho trata-se da leitura e escrita num ficheiro ".json" de uma estrutura que guarda todas as tarefas já criadas.
        </para>
    </resumo>
    <resultados>
        <resultado url="manifesto.xml">
            manifesto.xml
        </resultado>
    </resultados>
</manifesto>
