[{"ficheiro":{"size":0,"path":"/tmp/upload_795295bc034f938557fe6b40327344e0","name":"expusers2.gawk","type":"application/octet-stream","mtime":null},"desc":"gawk file","id":0,"submitDate":"9/11/2018 @ 14:47:50"},{"ficheiro":{"size":10437507,"path":"/tmp/upload_b29fe521a1b94eef3e32bdd13ef6a1be","name":"pl-testes.pdf","type":"application/pdf","mtime":"2018-11-12T13:46:15.904Z"},"desc":"pdf file","id":1,"submitDate":"12/11/2018 @ 13:46:15"},{"ficheiro":{"size":293,"path":"/tmp/upload_8e5fc23fa557678a698b72781f505c82","name":"testeFlex.l","type":"application/octet-stream","mtime":"2018-11-12T20:34:06.181Z"},"desc":"lex file","id":2,"submitDate":"12/11/2018 @ 20:34:6"},{"ficheiro":{"size":77300,"path":"/tmp/upload_5f12302b2b453f8326a92a40cd45dbcc","name":"teste.png","type":"image/png","mtime":"2018-11-12T20:34:22.613Z"},"desc":"png file","id":3,"submitDate":"12/11/2018 @ 20:34:22"},{"ficheiro":{"size":487,"path":"/tmp/upload_ec8970b85f94bf3e37d02aa733c11252","name":"simple.c","type":"text/x-csrc","mtime":"2018-11-12T20:34:32.565Z"},"desc":"c file","id":4,"submitDate":"12/11/2018 @ 20:34:32"},{"ficheiro":{"size":3952,"path":"/tmp/upload_5b1b7c08a1a40442a34a48327a1926cf","name":"exp (1).y","type":"application/octet-stream","mtime":"2018-11-12T20:34:48.348Z"},"desc":"yacc file","id":5,"submitDate":"12/11/2018 @ 20:34:48"},{"ficheiro":{"size":8859,"path":"/tmp/upload_27f859d9f48fc841d9094614b42f4258","name":"A78587-tpc8.zip","type":"application/zip","mtime":"2018-11-12T20:35:53.648Z"},"desc":"zip file","id":6,"submitDate":"12/11/2018 @ 20:35:53"}]
