[{"ficheiro":{"size":0,"path":"/tmp/upload_23f85e9bd862f4abe979ac100127b9b2","name":"expusers2.gawk","type":"application/octet-stream","mtime":null},"desc":"gawk file","id":0,"submitDate":"5/11/2018 @ 20:30:46"},{"ficheiro":{"size":1383118,"path":"/tmp/upload_ac9b3a0a87111c81599e12787197d716","name":"Containers.pdf","type":"application/pdf","mtime":"2018-11-05T20:33:30.719Z"},"desc":"pdf file","id":1,"submitDate":"5/11/2018 @ 20:33:30"},{"ficheiro":{"size":65,"path":"/tmp/upload_e054c8cf83069c523b95537a59012961","name":"testeFlex.txt","type":"text/plain","mtime":"2018-11-05T20:37:42.413Z"},"desc":"txt file","id":2,"submitDate":"5/11/2018 @ 20:37:42"},{"ficheiro":{"size":250,"path":"/tmp/upload_b39ad3f18507e52dd93d804bf5dbc8eb","name":"entrevista.l","type":"application/octet-stream","mtime":"2018-11-05T21:30:14.324Z"},"desc":"lex file","id":3,"submitDate":"5/11/2018 @ 21:30:14"},{"ficheiro":{"size":77300,"path":"/tmp/upload_5987d55ccbb0485c28c20b6884440b62","name":"teste.png","type":"image/png","mtime":"2018-11-05T21:31:37.958Z"},"desc":"png file","id":4,"submitDate":"5/11/2018 @ 21:31:37"},{"ficheiro":{"size":3952,"path":"/tmp/upload_ec80b17e3d593e810e99038aab922c62","name":"exp (1).y","type":"application/octet-stream","mtime":"2018-11-05T21:34:17.172Z"},"desc":"yacc file","id":5,"submitDate":"5/11/2018 @ 21:34:17"},{"ficheiro":{"size":45563,"path":"/tmp/upload_13cae0a46c8db357afd75214e5402fdd","name":"lex.yy.c","type":"text/x-csrc","mtime":"2018-11-05T21:34:47.901Z"},"desc":"c file","id":6,"submitDate":"5/11/2018 @ 21:34:47"},{"ficheiro":{"size":3858,"path":"/tmp/upload_55e0fd290631b9c4c1ffd0484305e4ad","name":"manifesto.html","type":"text/html","mtime":"2018-11-05T21:35:58.213Z"},"desc":"html file","id":7,"submitDate":"5/11/2018 @ 21:35:58"},{"ficheiro":{"size":335847,"path":"/tmp/upload_8e0d20be1a12c598528028aa91ef2dbd","name":"dist.zip","type":"application/zip","mtime":"2018-11-05T21:49:36.635Z"},"desc":"zip file","id":8,"submitDate":"5/11/2018 @ 21:49:36"},{"ficheiro":{"size":2167937,"path":"/tmp/upload_e8e918af40013e53a3ebb5b8a20a1964","name":"apresentacao_LI.pptx","type":"application/vnd.openxmlformats-officedocument.presentationml.presentation","mtime":"2018-11-05T21:59:56.650Z"},"desc":"pptx file","id":9,"submitDate":"5/11/2018 @ 21:59:56"}]
